{
  "link1_regime_to_partner_arch": {
    "unique_partners": {
      "baseline_coef": 5.301440551951357,
      "baseline_p": 5.2190697004923045e-295,
      "with_composition_coef": 4.615297910317605,
      "with_composition_p": 5.097994864230453e-209,
      "mediation_pct": 12.942569758349853,
      "covariate_effects": {
        "frac_inh_afferent": {
          "coef": -0.25855628987787255,
          "p": 0.28053840206704905
        },
        "frac_BC_afferent": {
          "coef": -2.199587447130745,
          "p": 6.909676430945484e-19
        },
        "frac_MC_afferent": {
          "coef": 0.2945467601527047,
          "p": 0.2537294492522584
        }
      }
    },
    "mean_syn_per_partner": {
      "baseline_coef": -0.06061641573148263,
      "baseline_p": 1.0688681109660788e-204,
      "with_composition_coef": -0.04056499716053051,
      "with_composition_p": 3.001788863980742e-90,
      "mediation_pct": 33.079188746123634,
      "covariate_effects": {
        "frac_inh_afferent": {
          "coef": 0.00798638140905768,
          "p": 0.013179653288278326
        },
        "frac_BC_afferent": {
          "coef": 0.06432058796183021,
          "p": 6.386154315160461e-83
        },
        "frac_MC_afferent": {
          "coef": -0.007148546180192835,
          "p": 0.03953869000379788
        }
      }
    },
    "gini_partner": {
      "baseline_coef": -0.03112738771459149,
      "baseline_p": 1.6879292428212938e-145,
      "with_composition_coef": -0.018984241241662862,
      "with_composition_p": 8.742830929115676e-54,
      "mediation_pct": 39.01113252506031,
      "covariate_effects": {
        "frac_inh_afferent": {
          "coef": 0.0040677007498661774,
          "p": 0.03875058266137192
        },
        "frac_BC_afferent": {
          "coef": 0.03940404447192949,
          "p": 2.0253360840643182e-83
        },
        "frac_MC_afferent": {
          "coef": -0.00441321644378395,
          "p": 0.037427269964587555
        }
      }
    },
    "frac_multisynaptic": {
      "baseline_coef": -0.038702086804558104,
      "baseline_p": 3.690999584108918e-190,
      "with_composition_coef": -0.02540889084834942,
      "with_composition_p": 8.842595699541306e-81,
      "mediation_pct": 34.347491450107256,
      "covariate_effects": {
        "frac_inh_afferent": {
          "coef": 0.0034545320281204575,
          "p": 0.10563688470793262
        },
        "frac_BC_afferent": {
          "coef": 0.043328472066320525,
          "p": 1.5407596353393377e-85
        },
        "frac_MC_afferent": {
          "coef": -0.00583395780618609,
          "p": 0.011274445875150373
        }
      }
    }
  },
  "full_chain": {
    "clark_evans_z": {
      "S0_coef": 1.3859229831758977,
      "S0_p": 0.0,
      "S1_coef": 1.1937546697154668,
      "S1_p": 9.05926395067969e-267,
      "S2_coef": 1.189329249681407,
      "S2_p": 6.011314916513403e-269,
      "S3_coef": 1.0626373750858629,
      "S3_p": 1.0475854649267032e-204,
      "M1_mediation_pct": 13.865728167669856,
      "M2_mediation_pct": 14.185040285859774,
      "M3_mediation_pct": 23.3263761417112,
      "chain_incremental_pct": 9.141335855851427,
      "overlap_pct": 4.724392311818427
    },
    "interval_cv_z": {
      "S0_coef": -2.9921560875071416,
      "S0_p": 0.0,
      "S1_coef": -2.7333348700174804,
      "S1_p": 2.507148208715489e-280,
      "S2_coef": -2.594999332986411,
      "S2_p": 1.8903702580912256e-257,
      "S3_coef": -2.449422864333242,
      "S3_p": 1.576294484499547e-216,
      "M1_mediation_pct": 8.649990505852688,
      "M2_mediation_pct": 13.273263255848866,
      "M3_mediation_pct": 18.138533127998258,
      "chain_incremental_pct": 4.865269872149392,
      "overlap_pct": 3.7847206337032944
    },
    "pairwise_compactness_z": {
      "S0_coef": 1.9791462448244095,
      "S0_p": 0.0,
      "S1_coef": 1.649828129876591,
      "S1_p": 6.667551243041127e-309,
      "S2_coef": 1.6753423345481864,
      "S2_p": 0.0,
      "S3_coef": 1.4736129859480955,
      "S3_p": 1.5740051930676464e-242,
      "M1_mediation_pct": 16.639402763136157,
      "M2_mediation_pct": 15.350250698789402,
      "M3_mediation_pct": 25.54299664303812,
      "chain_incremental_pct": 10.192745944248717,
      "overlap_pct": 6.4466568188874405
    }
  },
  "bootstrap_chain_ci": {
    "clark_evans_z": {
      "n_successful": 200,
      "M1": {
        "median": 11.9402251156426,
        "ci_2.5": 9.540957572820918,
        "ci_97.5": 13.87098979714359
      },
      "M2": {
        "median": 12.070366903120682,
        "ci_2.5": 9.565883232826522,
        "ci_97.5": 14.937394301001675
      },
      "M3": {
        "median": 20.283181870821323,
        "ci_2.5": 17.68240055934716,
        "ci_97.5": 23.00383969480588
      },
      "chain_incremental": {
        "median": 8.16683446144921,
        "ci_2.5": 6.474321380755562,
        "ci_97.5": 10.086043191543528
      },
      "overlap": {
        "median": 3.750701645955832,
        "ci_2.5": 2.8435074605019897,
        "ci_97.5": 4.539164428644631
      }
    },
    "interval_cv_z": {
      "n_successful": 200,
      "M1": {
        "median": 7.637036472334868,
        "ci_2.5": 5.6736338291247215,
        "ci_97.5": 9.285596612097338
      },
      "M2": {
        "median": 11.299993319042523,
        "ci_2.5": 8.277109863222318,
        "ci_97.5": 14.649298937947211
      },
      "M3": {
        "median": 15.998539898117333,
        "ci_2.5": 13.199683451720132,
        "ci_97.5": 19.39139051230186
      },
      "chain_incremental": {
        "median": 4.580163273526089,
        "ci_2.5": 3.095249206880626,
        "ci_97.5": 6.1632565020934145
      },
      "overlap": {
        "median": 2.983480494278652,
        "ci_2.5": 2.3776260129394826,
        "ci_97.5": 3.6490718624065073
      }
    },
    "pairwise_compactness_z": {
      "n_successful": 200,
      "M1": {
        "median": 16.550139084260714,
        "ci_2.5": 14.105826423882592,
        "ci_97.5": 19.094389092453532
      },
      "M2": {
        "median": 12.0834422950564,
        "ci_2.5": 10.128546230813011,
        "ci_97.5": 14.34553879035871
      },
      "M3": {
        "median": 22.990000015489557,
        "ci_2.5": 20.284606353067236,
        "ci_97.5": 25.94861812832044
      },
      "chain_incremental": {
        "median": 10.89561389973355,
        "ci_2.5": 8.803670799339994,
        "ci_97.5": 12.821700923533749
      },
      "overlap": {
        "median": 5.6748710278678605,
        "ci_2.5": 4.8178526940160395,
        "ci_97.5": 6.823138992644989
      }
    }
  },
  "by_postsynaptic_subtype": {
    "BC": {
      "clark_evans_z": {
        "S0_coef": 1.7831506853968708,
        "M1_pct": 16.498289636911935,
        "M2_pct": 12.109147376068542,
        "M3_pct": 23.331489257449444,
        "chain_incremental": 11.222341881380903,
        "overlap": 5.275947755531032
      },
      "interval_cv_z": {
        "S0_coef": -3.753317796300973,
        "M1_pct": 8.973566214820849,
        "M2_pct": 10.897857577196945,
        "M3_pct": 16.236412729463602,
        "chain_incremental": 5.3385551522666574,
        "overlap": 3.6350110625541916
      },
      "pairwise_compactness_z": {
        "S0_coef": 2.44839321849809,
        "M1_pct": 18.297651415661186,
        "M2_pct": 15.04570218526684,
        "M3_pct": 25.912748152464893,
        "chain_incremental": 10.867045967198052,
        "overlap": 7.430605448463133
      }
    },
    "MC": {
      "clark_evans_z": {
        "S0_coef": 0.837540714252659,
        "M1_pct": 11.601358532235484,
        "M2_pct": 16.04459006378215,
        "M3_pct": 25.35432306347898,
        "chain_incremental": 9.30973299969683,
        "overlap": 2.291625532538653
      },
      "interval_cv_z": {
        "S0_coef": -1.7466629344320777,
        "M1_pct": 7.036837045732069,
        "M2_pct": 15.024110686968562,
        "M3_pct": 19.759741109393726,
        "chain_incremental": 4.735630422425164,