{
  "sample_sizes": {
    "BC": {
      "n_records": 7478,
      "n_neurons": 407,
      "by_regime": {
        "0": 2560,
        "1": 2069,
        "2": 2849
      }
    },
    "MC": {
      "n_records": 4468,
      "n_neurons": 411,
      "by_regime": {
        "0": 305,
        "1": 1225,
        "2": 2938
      }
    },
    "excitatory": {
      "n_records": 12072,
      "n_neurons": 414,
      "by_regime": {
        "0": 745,
        "1": 3128,
        "2": 8199
      }
    }
  },
  "BC": {
    "placement_model": {
      "regime1_coef": 0.4419979215029779,
      "regime1_p": 4.098814264117924e-49,
      "regime2_coef": 0.9471486693200915,
      "regime2_p": 1.0848797931341857e-107,
      "k_synapses_coef": 0.22089233021609941,
      "k_synapses_p": 4.4124834747277546e-61,
      "n_obs": 7478,
      "n_neurons": 407
    },
    "descriptive": {
      "0": {
        "n": 2560,
        "mean_dist_um": 3.032036992816015,
        "median_dist_um": 2.4662282854272553,
        "mean_k": 2.468359375
      },
      "1": {
        "n": 2069,
        "mean_dist_um": 5.995438672179101,
        "median_dist_um": 3.270636940064509,
        "mean_k": 2.3977767037216045
      },
      "2": {
        "n": 2849,
        "mean_dist_um": 12.151301494258654,
        "median_dist_um": 4.403932787861322,
        "mean_k": 2.3159003159003158
      }
    }
  },
  "MC": {
    "placement_model": {
      "regime1_coef": 0.4403377150774419,
      "regime1_p": 5.732922083265658e-09,
      "regime2_coef": 0.786194588981867,
      "regime2_p": 8.344941418416163e-20,
      "k_synapses_coef": 0.23222707356968122,
      "k_synapses_p": 1.5528399533968759e-27,
      "n_obs": 4468,
      "n_neurons": 411
    },
    "descriptive": {
      "0": {
        "n": 305,
        "mean_dist_um": 3.3785843962561555,
        "median_dist_um": 2.6680569709059814,
        "mean_k": 2.3540983606557377
      },
      "1": {
        "n": 1225,
        "mean_dist_um": 7.423496539834367,
        "median_dist_um": 3.9241386315980225,
        "mean_k": 2.280816326530612
      },
      "2": {
        "n": 2938,
        "mean_dist_um": 16.84087824573169,
        "median_dist_um": 8.06825428160381,
        "mean_k": 2.3393464942137507
      }
    }
  },
  "excitatory": {
    "placement_model": {
      "regime1_coef": 0.294322939612261,
      "regime1_p": 6.940978275035645e-12,
      "regime2_coef": 0.45581664605058575,
      "regime2_p": 1.7079230036269983e-21,
      "k_synapses_coef": 0.3553764783763031,
      "k_synapses_p": 5.240130231285959e-112,
      "n_obs": 12072,
      "n_neurons": 414
    },
    "descriptive": {
      "0": {
        "n": 745,
        "mean_dist_um": 3.230674909554747,
        "median_dist_um": 2.498511556907432,
        "mean_k": 2.1691275167785236
      },
      "1": {
        "n": 3128,
        "mean_dist_um": 5.560935422217776,
        "median_dist_um": 3.319262565760463,
        "mean_k": 2.1898976982097187
      },
      "2": {
        "n": 8199,
        "mean_dist_um": 9.703974458502065,
        "median_dist_um": 3.852124608576415,
        "mean_k": 2.2189291376997193
      }
    }
  },
  "interaction_BC_vs_MC": {
    "n_obs": 11946,
    "n_neurons": 431,
    "coefficients": {
      "C(regime)[T.1]": {
        "coef": 0.41747825165632463,
        "p": 6.399972595438791e-39
      },
      "C(regime)[T.2]": {
        "coef": 0.8088109391290743,
        "p": 3.893278006329806e-83
      },
      "C(pre_class)[T.MC]": {
        "coef": 0.1365592227402176,
        "p": 0.03298774081845889
      },
      "C(regime)[T.1]:C(pre_class)[T.MC]": {
        "coef": 0.09255591707994668,
        "p": 0.21128251874965198
      },
      "C(regime)[T.2]:C(pre_class)[T.MC]": {
        "coef": 0.24204100974232748,
        "p": 0.0005240491026259379
      }
    }
  },
  "neuron_level_verification": {
    "neuron_level_BC": {
      "n_neurons": 300,
      "median_log2_ratio": 0.904144557527667,
      "hodges_lehmann": 0.9706167581539742,
      "pct_positive": 81.0,
      "wilcoxon_p": 1.1715521694159864e-31,
      "bootstrap_ci_95": [
        0.7641775840268574,
        1.0825641264557206
      ]
    },
    "neuron_level_MC": {
      "n_neurons": 150,
      "median_log2_ratio": 1.6849597809655377,
      "hodges_lehmann": 1.607679620971268,
      "pct_positive": 83.33333333333334,
      "wilcoxon_p": 4.8632379360442686e-21,
      "bootstrap_ci_95": [
        1.4738294108244798,
        1.8423053308966248
      ]
    }
  },
  "equal_k_verification": {
    "equal_k_BC": {
      "2": {
        "n": 5578,
        "n_neurons": 403,
        "regime2_coef": 0.9336504392841583,
        "regime2_p": 1.8170177071062727e-67,
        "median_dist_um": {
          "0": 2.0472908629915283,
          "1": 2.756664651349525,
          "2": 3.7438418770028203
        }
      },
      "3": {
        "n": 1274,
        "n_neurons": 304,
        "regime2_coef": 1.07286814255083,
        "regime2_p": 4.669392560273814e-39,
        "median_dist_um": {
          "0": 2.963995996467853,
          "1": 4.140077964348597,
          "2": 5.711220847682997
        }
      },
      "4": {
        "n": 407,
        "n_neurons": 191,
        "regime2_coef": 0.9993201366808392,
        "regime2_p": 4.107145392355352e-18,
        "median_dist_um": {
          "0": 3.5926507780769263,
          "1": 4.9481302668878815,
          "2": 7.406266232867252
        }
      }
    },
    "equal_k_MC": {
      "2": {
        "n": 3525,
        "n_neurons": 399,
        "regime2_coef": 0.7700368938147211,
        "regime2_p": 1.2113813323963525e-13,
        "median_dist_um": {
          "0": 2.3686157077174403,
          "1": 3.3581042270900405,
          "2": 6.3051762684339865
        }
      },
      "3": {
        "n": 663,
        "n_neurons": 264,
        "regime2_coef": 0.8825342876292135,
        "regime2_p": 6.808848878121666e-07,
        "median_dist_um": {
          "0": 3.0266747003830616,
          "1": 5.884009187234293,
          "2": 13.836101599061344
        }
      },
      "4": {
        "n": 162,
        "n_neurons": 111,
        "regime2_coef": 0.9968781933132712,
        "regime2_p": 0.0004105389833037536,
        "median_dist_um": {
          "0": 4.218349813411922,
          "1": 7.431745796944,
          "2": 16.56380240248659
        }
      }
    }
  }
}