{
  "branch_length_by_regime": {
    "0": {
      "n": 38056,
      "median": 11606.780135588804,
      "mean": 12376.55328150465,
      "std": 5451.8390023322645,
      "q25": 8276.247337221435,
      "q75": 15861.682920637688
    },
    "1": {
      "n": 44694,
      "median": 42305.28101750952,
      "mean": 43646.56293987306,
      "std": 16784.571324883556,
      "q25": 29330.777640501656,
      "q75": 57182.82757291069
    },
    "2": {
      "n": 44947,
      "median": 104733.98421459456,
      "mean": 129329.30046064052,
      "std": 102860.58642744088,
      "q25": 87336.77986504551,
      "q75": 130817.1923147168
    }
  },
  "branch_length_kw": {
    "H": 110679.33318308795,
    "p": 0.0
  },
  "synapse_density_by_regime": {
    "0": {
      "n": 38056,
      "median": 0.0009208067466017852,
      "mean": 0.0011813790299333802
    },
    "1": {
      "n": 44694,
      "median": 0.0010160392985285045,
      "mean": 0.0011438656857305008
    },
    "2": {
      "n": 44947,
      "median": 0.0009712447659531617,
      "mean": 0.0010455380422675679
    }
  },
  "synapse_density_kw": {
    "H": 555.0349093307175,
    "p": 2.9902039235130668e-121
  },
  "compactness_residuals": {
    "0": {
      "mean_resid": -0.3706093349967733,
      "se_resid": 0.007401878682061612,
      "n": 38056
    },
    "1": {
      "mean_resid": 0.20904062375460117,
      "se_resid": 0.004843475992465437,
      "n": 44694
    },
    "2": {
      "mean_resid": 0.10592580627287863,
      "se_resid": 0.006478746914535773,
      "n": 44947
    }
  },
  "compactness_residuals_kw": {
    "H": 3925.588882690936,
    "p": 0.0
  },
  "regime_length_interaction": {
    "regime_1_x_length_coef": 5.237415335497176e-05,
    "regime_1_x_length_p": 0.0,
    "regime_2_x_length_coef": 4.755792825864965e-05,
    "regime_2_x_length_p": 0.0
  },
  "clark_evans_z_regime_means": {
    "0": {
      "mean": -0.19481219986971388,
      "se": 0.006166919329952331,
      "n": 32523
    },
    "1": {
      "mean": 0.3321223089164087,
      "se": 0.005078966644675165,
      "n": 44527
    },
    "2": {
      "mean": 0.5614425479009367,
      "se": 0.00608762351086862,
      "n": 44776
    }
  },
  "interval_cv_z_regime_means": {
    "0": {
      "mean": 0.1653741775671587,
      "se": 0.007376806965182692,
      "n": 38048
    },
    "1": {
      "mean": -0.6561298769118353,
      "se": 0.005442544557254553,
      "n": 44694
    },
    "2": {
      "mean": -0.8066171146880524,
      "se": 0.011658089953238188,
      "n": 44947
    }
  },
  "pairwise_compactness_z_regime_means": {
    "0": {
      "mean": -0.649668821720847,
      "se": 0.007467037207569281,
      "n": 38056
    },
    "1": {
      "mean": -0.2701583764980503,
      "se": 0.00489594359101959,
      "n": 44694
    },
    "2": {
      "mean": -0.8764495522644222,
      "se": 0.007197300172080797,
      "n": 44947
    }
  }
}