{
  "all": {
    "clark_evans_z": {
      "coef_reduced": 0.7938430012106118,
      "n_obs_reduced": 121826,
      "individual_mediators": {
        "unique_partners": {
          "coef_full": 0.6112466814086669,
          "mediation_pct": 23.001565740768037,
          "mediator_coef": 0.03558846499852858,
          "mediator_p": 0.0,
          "n_obs": 121826
        },
        "mean_syn_per_partner": {
          "coef_full": 0.6404011735969017,
          "mediation_pct": 19.328989155249975,
          "mediator_coef": -1.0975432465499784,
          "mediator_p": 0.0,
          "n_obs": 121826
        },
        "gini_partner": {
          "coef_full": 0.6297060443678292,
          "mediation_pct": 20.67624915663091,
          "mediator_coef": -2.5777504636130897,
          "mediator_p": 0.0,
          "n_obs": 121826
        },
        "frac_multisynaptic": {
          "coef_full": 0.6273282772276227,
          "mediation_pct": 20.975775276604292,
          "mediator_coef": -1.7116172582036342,
          "mediator_p": 0.0,
          "n_obs": 121826
        }
      },
      "combined": {
        "coef_full": 0.5644176040934463,
        "mediation_pct": 28.900600845166036,
        "n_obs": 121826,
        "individual_coefs": {
          "unique_partners": 0.019096605531863042,
          "mean_syn_per_partner": 0.6645521117119941,
          "gini_partner": -1.5615480696133188,
          "frac_multisynaptic": -1.2839967233157075
        },
        "individual_pvalues": {
          "unique_partners": 1.0244137694068372e-67,
          "mean_syn_per_partner": 7.340961890773658e-15,
          "gini_partner": 6.245756606248185e-27,
          "frac_multisynaptic": 5.285900731768917e-34
        }
      },
      "exc_fraction_reference": {
        "coef_full": 0.7426382150932019,
        "mediation_pct": 6.450240921608241
      }
    },
    "interval_cv_z": {
      "coef_reduced": -1.7201828308234755,
      "n_obs_reduced": 127689,
      "individual_mediators": {
        "unique_partners": {
          "coef_full": -1.326378315378361,
          "mediation_pct": 22.89317788717812,
          "mediator_coef": -0.07877266264510023,
          "mediator_p": 0.0,
          "n_obs": 127689
        },
        "mean_syn_per_partner": {
          "coef_full": -1.4723697286571498,
          "mediation_pct": 14.406207161577944,
          "mediator_coef": 1.9754305906273157,
          "mediator_p": 0.0,
          "n_obs": 127689
        },
        "gini_partner": {
          "coef_full": -1.4641749665084276,
          "mediation_pct": 14.882596182668173,
          "mediator_coef": 4.666125816922219,
          "mediator_p": 0.0,
          "n_obs": 127678
        },
        "frac_multisynaptic": {
          "coef_full": -1.4789003333431083,
          "mediation_pct": 14.026561197850217,
          "mediator_coef": 2.7532229681717117,
          "mediator_p": 0.0,
          "n_obs": 127689
        }
      },
      "combined": {
        "coef_full": -1.2873018378037477,
        "mediation_pct": 25.16482464904626,
        "n_obs": 127678,
        "individual_coefs": {
          "unique_partners": -0.053337565025717265,
          "mean_syn_per_partner": -0.06223708780030132,
          "gini_partner": 2.16167261995696,
          "frac_multisynaptic": 0.6311573999420018
        },
        "individual_pvalues": {
          "unique_partners": 8.656180107048705e-249,
          "mean_syn_per_partner": 0.6123863225934492,
          "gini_partner": 4.1224196316958224e-26,
          "frac_multisynaptic": 1.5026153561543128e-05
        }
      },
      "exc_fraction_reference": {
        "coef_full": -1.696569231963679,
        "mediation_pct": 1.3727377367493188
      }
    },
    "pairwise_compactness_z": {
      "coef_reduced": 0.8507814824405496,
      "n_obs_reduced": 127697,
      "individual_mediators": {
        "unique_partners": {
          "coef_full": 0.5729645995213695,
          "mediation_pct": 32.65431707825085,
          "mediator_coef": 0.05431096058386908,
          "mediator_p": 0.0,
          "n_obs": 127697
        },
        "mean_syn_per_partner": {
          "coef_full": 0.5160455251476249,
          "mediation_pct": 39.344527848996194,
          "mediator_coef": -2.637944787759444,
          "mediator_p": 0.0,
          "n_obs": 127697
        },
        "gini_partner": {
          "coef_full": 0.525796134042854,
          "mediation_pct": 38.19845108351954,
          "mediator_coef": -5.768916163368852,
          "mediator_p": 0.0,
          "n_obs": 127686
        },
        "frac_multisynaptic": {
          "coef_full": 0.5258222525259327,
          "mediation_pct": 38.19538114328014,
          "mediator_coef": -3.6803473056689335,
          "mediator_p": 0.0,
          "n_obs": 127697
        }
      },
      "combined": {
        "coef_full": 0.4826479703720622,
        "mediation_pct": 43.27004285665228,
        "n_obs": 127686,
        "individual_coefs": {
          "unique_partners": 0.004822529166521647,
          "mean_syn_per_partner": -0.7998403871599457,
          "gini_partner": -3.0540451066556136,
          "frac_multisynaptic": -0.7916647926956558
        },
        "individual_pvalues": {
          "unique_partners": 6.286063873494354e-05,
          "mean_syn_per_partner": 1.4333024809344892e-17,
          "gini_partner": 3.2823182869596364e-85,
          "frac_multisynaptic": 1.1205923315638491e-12
        }
      },
      "exc_fraction_reference": {
        "coef_full": 0.9099438500101795,
        "mediation_pct": -6.953885197397214
      }
    }
  },
  "excitatory": {
    "clark_evans_z": {
      "coef_reduced": 0.764639077195279,
      "n_obs_reduced": 97000,
      "individual_mediators": {
        "unique_partners": {
          "coef_full": 0.5911732562426647,
          "mediation_pct": 22.685973830802975,
          "mediator_coef": 0.03918452078531145,
          "mediator_p": 1.928477602877347e-239,
          "n_obs": 97000
        },
        "mean_syn_per_partner": {
          "coef_full": 0.5993092839061758,
          "mediation_pct": 21.621938796999274,
          "mediator_coef": -1.080497381028924,
          "mediator_p": 0.0,
          "n_obs": 97000
        },
        "gini_partner": {
          "coef_full": 0.5854909908000442,
          "mediation_pct": 23.42910423207193,
          "mediator_coef": -2.51520712193535,
          "mediator_p": 0.0,
          "n_obs": 97000
        },
        "frac_multisynaptic": {
          "coef_full": 0.5838008655449735,
          "mediation_pct": 23.65013992138958,
          "mediator_coef": -1.6822111313422237,
          "mediator_p": 0.0,
          "n_obs": 97000
        }
      },
      "combined": {
        "coef_full": 0.5401296040524919,
        "mediation_pct": 29.36149614093687,
        "n_obs": 97000,
        "individual_coefs": {
          "unique_partners": 0.014613661988500419,
          "mean_syn_per_partner": 0.48288234259932317,
          "gini_partner": -1.3425432443687972,
          "frac_multisynaptic": -1.2840069440673905
        },
        "individual_pvalues": {
          "unique_partners": 5.81619446610803e-22,
          "mean_syn_per_partner": 4.2966996735231675e-08,
          "gini_partner": 2.448917448230586e-18,
          "frac_multisynaptic": 2.8461653043254717e-31
        }
      },
      "exc_fraction_reference": {
        "coef_full": 0.6897513022297317,
        "mediation_pct": 9.793872324736286
      }
    },
    "interval_cv_z": {
      "coef_reduced": -1.3594844593696715,
      "n_obs_reduced": 102397,
      "individual_mediators": {
        "unique_partners": {
          "coef_full": -0.9655891674036867,
          "mediation_pct": 28.973872356629617,
          "mediator_coef": -0.09133692947262684,
          "mediator_p": 0.0,
          "n_obs": 102397
        },
        "mean_syn_per_partner": {
          "coef_full": -1.1002242126933015,
          "mediation_pct": 19.07048255605487,
          "mediator_coef": 1.8656426501574206,
          "mediator_p": 0.0,