{
  "excitatory": {
    "n_neurons": 1702,
    "n_branches": 109766,
    "metrics": {
      "clark_evans_z": {
        "regime_2_coef": 0.689751302229729,
        "regime_2_p": 0.0,
        "regime_1_coef": 0.4276237537254498,
        "regime_1_p": 0.0,
        "cohens_d_0v2": 0.6002147805614891,
        "n_obs": 86595
      },
      "interval_cv_z": {
        "regime_2_coef": -1.3023707054593496,
        "regime_2_p": 0.0,
        "regime_1_coef": -0.7824116309172349,
        "regime_1_p": 0.0,
        "cohens_d_0v2": -0.6378730524710163,
        "n_obs": 89195
      },
      "pairwise_compactness_z": {
        "regime_2_coef": 0.7725910698002747,
        "regime_2_p": 0.0,
        "regime_1_coef": 0.682898058888885,
        "regime_1_p": 0.0,
        "cohens_d_0v2": -0.07001741732492502,
        "n_obs": 89200
      }
    }
  },
  "inhibitory_all": {
    "n_neurons": 436,
    "n_branches": 26648,
    "metrics": {
      "clark_evans_z": {
        "regime_2_coef": 1.3154143017143463,
        "regime_2_p": 0.0,
        "regime_1_coef": 0.7389669989514907,
        "regime_1_p": 2.472802632420745e-254,
        "cohens_d_0v2": 0.9373634864832292,
        "n_obs": 22808
      },
      "interval_cv_z": {
        "regime_2_coef": -2.8250425721722694,
        "regime_2_p": 0.0,
        "regime_1_coef": -1.383590764148256,
        "regime_1_p": 2.262922672493465e-185,
        "cohens_d_0v2": -0.2848844313489567,
        "n_obs": 23007
      },
      "pairwise_compactness_z": {
        "regime_2_coef": 1.8098823980706638,
        "regime_2_p": 0.0,
        "regime_1_coef": 1.1787738720385301,
        "regime_1_p": 0.0,
        "cohens_d_0v2": -0.0036091047946144278,
        "n_obs": 23007
      }
    }
  },
  "BC": {
    "n_neurons": 213,
    "n_branches": 13944,
    "metrics": {
      "clark_evans_z": {
        "regime_2_coef": 1.6812975425242886,
        "regime_2_p": 1.6693452977900674e-290,
        "regime_1_coef": 0.9058114400840098,
        "regime_1_p": 2.4938758821366593e-192,
        "cohens_d_0v2": 1.1530225145923456,
        "n_obs": 12105
      },
      "interval_cv_z": {
        "regime_2_coef": -3.596329040453189,
        "regime_2_p": 2.0132001438814777e-202,
        "regime_1_coef": -1.7578649012076326,
        "regime_1_p": 6.034551197297839e-111,
        "cohens_d_0v2": -0.22540044100623938,
        "n_obs": 12195
      },
      "pairwise_compactness_z": {
        "regime_2_coef": 2.2566734083259186,
        "regime_2_p": 4.760189622276124e-285,
        "regime_1_coef": 1.4993626609519715,
        "regime_1_p": 1.4635332491637217e-286,
        "cohens_d_0v2": -0.03594526550590341,
        "n_obs": 12195
      }
    }
  },
  "MC": {
    "n_neurons": 114,
    "n_branches": 7438,
    "metrics": {
      "clark_evans_z": {
        "regime_2_coef": 0.7891254981124829,
        "regime_2_p": 8.531053399728617e-38,
        "regime_1_coef": 0.46554243177477383,
        "regime_1_p": 6.673150451723926e-34,
        "cohens_d_0v2": 0.6384511789733956,
        "n_obs": 6584
      },
      "interval_cv_z": {
        "regime_2_coef": -1.6456801908764191,
        "regime_2_p": 7.1332822671223935e-65,
        "regime_1_coef": -0.8711362241409423,
        "regime_1_p": 1.2184897229392653e-47,
        "cohens_d_0v2": -0.4500482676677056,
        "n_obs": 6656
      },
      "pairwise_compactness_z": {
        "regime_2_coef": 1.2531095371186562,
        "regime_2_p": 1.7146074628413161e-65,
        "regime_1_coef": 0.8646421055340461,
        "regime_1_p": 2.102424943757817e-79,
        "cohens_d_0v2": 0.08612672997429938,
        "n_obs": 6656
      }
    }
  },
  "BPC": {
    "n_neurons": 85,
    "n_branches": 3573,
    "metrics": {
      "clark_evans_z": {
        "regime_2_coef": 1.1574241670790772,
        "regime_2_p": 3.2720758244090876e-37,
        "regime_1_coef": 0.5958403712845334,
        "regime_1_p": 2.0511942573073808e-23,
        "cohens_d_0v2": 0.8339310887562907,
        "n_obs": 2905
      },
      "interval_cv_z": {
        "regime_2_coef": -2.1434122875018415,
        "regime_2_p": 9.151473166036169e-47,
        "regime_1_coef": -1.0385879066743644,
        "regime_1_p": 2.5924070849186907e-26,
        "cohens_d_0v2": -0.47567211301171497,
        "n_obs": 2928
      },
      "pairwise_compactness_z": {
        "regime_2_coef": 0.7721731483038881,
        "regime_2_p": 5.068806000989306e-13,
        "regime_1_coef": 0.4647464208870352,
        "regime_1_p": 1.1422782488475174e-10,
        "cohens_d_0v2": -0.025647760528945403,
        "n_obs": 2928
      }
    }
  },
  "NGC": {
    "n_neurons": 24,
    "n_branches": 1693,
    "metrics": {
      "clark_evans_z": {
        "regime_2_coef": 1.0824004910409648,
        "regime_2_p": 2.3825846701934316e-12,
        "regime_1_coef": 0.7371863428116113,
        "regime_1_p": 5.865768821651656e-18,
        "cohens_d_0v2": 0.3933170525457264,
        "n_obs": 1214
      },
      "interval_cv_z": {
        "regime_2_coef": -1.5789429061404006,
        "regime_2_p": 5.559048642087108e-22,
        "regime_1_coef": -0.8193092196987647,
        "regime_1_p": 1.0677131146813537e-19,
        "cohens_d_0v2": -0.6027404040847104,
        "n_obs": 1228
      },
      "pairwise_compactness_z": {
        "regime_2_coef": 1.1249688295176583,
        "regime_2_p": 3.0941642556842824e-11,
        "regime_1_coef": 0.7086638090949086,
        "regime_1_p": 4.085775510021264e-14,
        "cohens_d_0v2": -0.0350247672316209,
        "n_obs": 1228
      }
    }
  },
  "exc_23P": {
    "n_neurons": 518,
    "n_branches": 48328,
    "metrics": {
      "clark_evans_z": {
        "regime_2_coef": 0.6803713894297214,
        "regime_2_p": 3.961822761205347e-149,
        "regime_1_coef": 0.47245113643475944,
        "regime_1_p": 9.509490717269881e-178,
        "cohens_d_0v2": 0.4986269988342243,
        "n_obs": 37033
      },
      "interval_cv_z": {
        "regime_2_coef": -1.185621281624399,
        "regime_2_p": 0.0,
        "regime_1_coef": -0.7980361907229794,
        "regime_1_p": 0.0,
        "cohens_d_0v2": -0.5636611980891979,
        "n_obs": 38255
      },
      "pairwise_compactness_z": {
        "regime_2_coef": 0.8543101397379801,
        "regime_2_p": 1.3286893575169034e-202,
        "regime_1_coef": 0.7594759077280582,
        "regime_1_p": 0.0,
        "cohens_d_0v2": -0.1777422913170243,
        "n_obs": 38255
      }
    }
  },
  "exc_4P": {
    "n_neurons": 508,
    "n_branches": 24165,
    "metrics": {
      "clark_evans_z": {
        "regime_2_coef": 0.61047263349521,
        "regime_2_p": 1.37948349633761e-79,
        "regime_1_coef": 0.38206128759091246,
        "regime_1_p": 2.3529082786913168e-63,
        "cohens_d_0v2": 0.4494567011030179,
        "n_obs": 19999
      },
      "interval_cv_z": {
        "regime_2_coef": -1.2156904384341292,
        "regime_2_p": 3.5217902784006196e-234,
        "regime_1_coef": -0.724122661384871,
        "regime_1_p": 3.635999237689771e-175,
        "cohens_d_0v2": -0.6136687208886342,
        "n_obs": 20720
      },
      "pairwise_compactness_z": {
        "regime_2_coef": 0.9710819164307717,
        "regime_2_p": 1.995913823240678e-167,
        "regime_1_coef": 0.7185132572085785,
        "regime_1_p": 4.6694055513772136e-197,
        "cohens_d_0v2": -0.10182700018701626,
        "n_obs": 20721
      }
    }
  },
  "exc_5PET": {
    "n_neurons": 70,
    "n_branches": 9330,
    "metrics": {
      "clark_evans_z": {
        "regime_2_coef": 1.3372141238376496,
        "regime_2_p": 1.9477497386094543e-126,
        "regime_1_coef": 0.6262374661608376,
        "regime_1_p": 3.2775064663397747e-63,
        "cohens_d_0v2": 1.0029278039793215,
        "n_obs": 7239
      },
      "interval_cv_z": {
        "regime_2_coef": -2.6083901122424953,
        "regime_2_p": 1.95250113026395e-259,
        "regime_1_coef": -1.157378775472501,
        "regime_1_p": 4.088734410981552e-118,
        "cohens_d_0v2": -0.8309699154807372,
        "n_obs": 7406
      },