{
  "analysis1_subtype_slopes": {
    "excitatory_by_subtype": {
      "23P": {
        "n": 518,
        "median": -2.0414706743950872,
        "mean": -1.5801862993099516,
        "q25": -3.25114622475839,
        "q75": -0.27681229017073034,
        "std": 2.642702009289939
      },
      "4P": {
        "n": 508,
        "median": -2.121444396272234,
        "mean": -1.869004208812579,
        "q25": -3.158606546514133,
        "q75": -1.0572421668680807,
        "std": 1.9251299299989433
      },
      "5PET": {
        "n": 70,
        "median": -1.8383872025740615,
        "mean": -1.4060110444878506,
        "q25": -3.7280481924878917,
        "q75": 0.11340723412579068,
        "std": 3.8243351198740414
      },
      "5PIT": {
        "n": 195,
        "median": -2.0975141934047907,
        "mean": -2.0392767581626043,
        "q25": -3.1216752820266658,
        "q75": -0.6336597225265983,
        "std": 1.9844587110886498
      },
      "5PNP": {
        "n": 13,
        "median": -3.701090062388302,
        "mean": -3.6398179267585955,
        "q25": -4.477502263882997,
        "q75": -2.756415405877591,
        "std": 1.6821092716856167
      },
      "6PCT": {
        "n": 164,
        "median": -3.0393857346474356,
        "mean": -3.1029295759871354,
        "q25": -4.13328347853324,
        "q75": -1.9747873402917167,
        "std": 1.9536733642620383
      },
      "6PIT": {
        "n": 234,
        "median": -2.3458917215283357,
        "mean": -2.1389497374397086,
        "q25": -3.6737320420776634,
        "q75": -0.6783498722801435,
        "std": 2.365606351979436
      }
    },
    "inhibitory_by_subtype": {
      "BC": {
        "n": 213,
        "median": 1.8084982139143566,
        "mean": 3.744330175983129
      },
      "MC": {
        "n": 114,
        "median": -0.8041914154339909,
        "mean": 0.5651488972081454
      },
      "BPC": {
        "n": 85,
        "median": -2.7552702540337295,
        "mean": -0.9035125399897583
      },
      "NGC": {
        "n": 24,
        "median": -3.2477152315771587,
        "mean": -2.7438948851393516
      }
    },
    "kruskal_wallis": {
      "H": 61.083750523623166,
      "p": 2.710275485469418e-11
    },
    "fixed_slope": -1.2167752317690064
  },
  "analysis2_superposition": {
    "inhibitory": {
      "proxy_a_log_inh_count": {
        "coef": 0.31151572845391795,
        "p": 4.5322678911048536e-33,
        "verdict": "NOT CONSISTENT"
      },
      "proxy_b_est_unique_inh": {
        "coef": 0.2409827022015702,
        "p": 4.240749509369004e-08,
        "verdict": "NOT CONSISTENT"
      }
    },
    "excitatory": {
      "proxy_a_log_inh_count": {
        "coef": 0.375085243111304,
        "p": 0.0,
        "verdict": "NOT CONSISTENT"
      },
      "proxy_b_est_unique_inh": {
        "coef": 0.23823216722218613,
        "p": 5.514460843667742e-73,
        "verdict": "NOT CONSISTENT"
      }
    }
  }
}