{
  "BC_presynaptic": {
    "n": 2806,
    "soma_pct": 15.71632216678546,
    "shaft_pct": 62.22380612972202,
    "spine_pct": 21.703492516037063,
    "raw": {
      "0": 407,
      "2": 1746,
      "6": 441,
      "3": 164,
      "1": 38,
      "5": 10
    }
  },
  "MC_presynaptic": {
    "n": 2674,
    "soma_pct": 0.2991772625280479,
    "shaft_pct": 75.056095736724,
    "spine_pct": 24.457741211667912,
    "raw": {
      "1": 58,
      "2": 2007,
      "0": 387,
      "3": 209,
      "5": 5,
      "6": 8
    }
  },
  "Exc_presynaptic": {
    "n": 1156,
    "soma_pct": 0.5190311418685121,
    "shaft_pct": 46.280276816608996,
    "spine_pct": 53.02768166089965,
    "raw": {
      "2": 535,
      "0": 415,
      "1": 19,
      "3": 179,
      "6": 6,
      "5": 2
    }
  }
}